-- Local development seed data for the MVP marketplace.
-- Run after applying migrations. This data is safe to reset with a local DB.

insert into public.stores (
  id,
  name,
  slug,
  description,
  status,
  listing_plan,
  is_verified,
  contact_name,
  whatsapp_phone,
  city,
  region
) values
  (
    '10000000-0000-0000-0000-000000000001',
    'Casa Musical Grau',
    'casa-musical-grau',
    'Tienda pequena de instrumentos y accesorios cerca del Centro de Lima.',
    'active',
    'growth_50',
    true,
    'Rosa Medina',
    '51987654321',
    'Lima',
    'Lima'
  ),
  (
    '10000000-0000-0000-0000-000000000002',
    'Andes Sonido',
    'andes-sonido',
    'Equipos para escenario, grabacion casera y bandas locales.',
    'active',
    'starter_20',
    true,
    'Marco Quispe',
    '51965432109',
    'Huancayo',
    'Junin'
  ),
  (
    '10000000-0000-0000-0000-000000000003',
    'Ritmo Sur Music',
    'ritmo-sur-music',
    'Tienda en registro para instrumentos, platos y amplificadores.',
    'pending',
    'free',
    false,
    'Valeria Torres',
    '51981234567',
    'Arequipa',
    'Arequipa'
  );

insert into public.listings (
  id,
  store_id,
  seller_type,
  status,
  title,
  slug,
  description,
  category,
  brand,
  model,
  condition,
  price_pen,
  city,
  region,
  contact_name,
  whatsapp_phone
) values
  (
    '20000000-0000-0000-0000-000000000001',
    null,
    'individual',
    'approved',
    'Guitarra electrica Squier Stratocaster usada',
    'guitarra-electrica-squier-stratocaster-usada-lima',
    'Guitarra usada en buen estado, ideal para estudiantes o primera banda.',
    'guitars',
    'Squier',
    'Stratocaster',
    'Usado - buen estado',
    950,
    'Lima',
    'Lima',
    'Diego Ramos',
    '51990111222'
  ),
  (
    '20000000-0000-0000-0000-000000000002',
    null,
    'individual',
    'approved',
    'Bajo Yamaha TRBX174 usado',
    'bajo-yamaha-trbx174-usado-huancayo',
    'Bajo de cuatro cuerdas con marcas normales de uso y sonido parejo.',
    'basses',
    'Yamaha',
    'TRBX174',
    'Usado - buen estado',
    1100,
    'Huancayo',
    'Junin',
    'Luis Huaman',
    '51991222333'
  ),
  (
    '20000000-0000-0000-0000-000000000003',
    null,
    'individual',
    'pending',
    'Pedal Boss DS-1 usado',
    'pedal-boss-ds1-usado-ayacucho',
    'Pedal de distorsion clasico, funcionando correctamente.',
    'pedals',
    'Boss',
    'DS-1',
    'Usado - con detalles',
    280,
    'Ayacucho',
    'Ayacucho',
    'Carlos Paredes',
    '51992333444'
  ),
  (
    '20000000-0000-0000-0000-000000000004',
    null,
    'individual',
    'approved',
    'Microfono Shure SM58 usado',
    'microfono-shure-sm58-usado-arequipa',
    'Microfono dinamico para voces, incluye clip y estuche simple.',
    'microphones',
    'Shure',
    'SM58',
    'Usado - buen estado',
    420,
    'Arequipa',
    'Arequipa',
    'Andrea Salas',
    '51993444555'
  ),
  (
    '20000000-0000-0000-0000-000000000005',
    null,
    'individual',
    'approved',
    'Amplificador Fender Frontman 25R usado',
    'amplificador-fender-frontman-25r-usado-lima',
    'Amplificador compacto para ensayo en casa, limpio y distorsion funcionando.',
    'amplifiers',
    'Fender',
    'Frontman 25R',
    'Usado - buen estado',
    650,
    'Lima',
    'Lima',
    'Mateo Vargas',
    '51994555666'
  ),
  (
    '20000000-0000-0000-0000-000000000006',
    null,
    'individual',
    'pending',
    'Interfaz Focusrite Scarlett Solo usada',
    'interfaz-focusrite-scarlett-solo-usada-lima',
    'Interfaz USB para grabacion casera, segunda generacion.',
    'audio interfaces',
    'Focusrite',
    'Scarlett Solo',
    'Usado - buen estado',
    520,
    'Lima',
    'Lima',
    'Nicolas Flores',
    '51995666777'
  ),
  (
    '20000000-0000-0000-0000-000000000007',
    null,
    'individual',
    'approved',
    'Set de platillos Meinl HCS usado',
    'set-platillos-meinl-hcs-usado-ayacucho',
    'Hi-hat y crash ride para bateria de practica.',
    'cymbals',
    'Meinl',
    'HCS',
    'Usado - con detalles',
    780,
    'Ayacucho',
    'Ayacucho',
    'Jorge Cardenas',
    '51996777888'
  ),
  (
    '20000000-0000-0000-0000-000000000008',
    null,
    'individual',
    'approved',
    'Bateria Pearl Export usada',
    'bateria-pearl-export-usada-arequipa',
    'Bateria acustica de cinco cuerpos, sin platillos.',
    'drums',
    'Pearl',
    'Export',
    'Usado - buen estado',
    2400,
    'Arequipa',
    'Arequipa',
    'Sebastian Rios',
    '51997888999'
  ),
  (
    '30000000-0000-0000-0000-000000000001',
    '10000000-0000-0000-0000-000000000001',
    'store',
    'approved',
    'Guitarra acustica Yamaha F310',
    'guitarra-acustica-yamaha-f310-casa-musical-grau',
    'Guitarra acustica nueva para estudiantes y cantautores.',
    'guitars',
    'Yamaha',
    'F310',
    'Nuevo',
    720,
    'Lima',
    'Lima',
    'Casa Musical Grau',
    '51987654321'
  ),
  (
    '30000000-0000-0000-0000-000000000002',
    '10000000-0000-0000-0000-000000000001',
    'store',
    'approved',
    'Pedal NUX Morning Star',
    'pedal-nux-morning-star-casa-musical-grau',
    'Overdrive compacto para blues, rock y worship.',
    'pedals',
    'NUX',
    'Morning Star',
    'Nuevo',
    360,
    'Lima',
    'Lima',
    'Casa Musical Grau',
    '51987654321'
  ),
  (
    '30000000-0000-0000-0000-000000000003',
    '10000000-0000-0000-0000-000000000001',
    'store',
    'approved',
    'Amplificador Orange Crush 20',
    'amplificador-orange-crush-20-casa-musical-grau',
    'Amplificador de practica con tono britanico y entrada auxiliar.',
    'amplifiers',
    'Orange',
    'Crush 20',
    'Nuevo',
    890,
    'Lima',
    'Lima',
    'Casa Musical Grau',
    '51987654321'
  ),
  (
    '30000000-0000-0000-0000-000000000004',
    '10000000-0000-0000-0000-000000000001',
    'store',
    'pending',
    'Microfono Audio-Technica AT2020',
    'microfono-audio-technica-at2020-casa-musical-grau',
    'Microfono de condensador para home studio.',
    'microphones',
    'Audio-Technica',
    'AT2020',
    'Nuevo',
    580,
    'Lima',
    'Lima',
    'Casa Musical Grau',
    '51987654321'
  ),
  (
    '30000000-0000-0000-0000-000000000005',
    '10000000-0000-0000-0000-000000000002',
    'store',
    'approved',
    'Interfaz Behringer UMC202HD',
    'interfaz-behringer-umc202hd-andes-sonido',
    'Interfaz de dos canales para grabar voces, guitarra y podcast.',
    'audio interfaces',
    'Behringer',
    'UMC202HD',
    'Nuevo',
    490,
    'Huancayo',
    'Junin',
    'Andes Sonido',
    '51965432109'
  ),
  (
    '30000000-0000-0000-0000-000000000006',
    '10000000-0000-0000-0000-000000000002',
    'store',
    'approved',
    'Bajo Ibanez GSR200',
    'bajo-ibanez-gsr200-andes-sonido',
    'Bajo electrico versatil para ensayo y escenario pequeno.',
    'basses',
    'Ibanez',
    'GSR200',
    'Nuevo',
    1350,
    'Huancayo',
    'Junin',
    'Andes Sonido',
    '51965432109'
  ),
  (
    '30000000-0000-0000-0000-000000000007',
    '10000000-0000-0000-0000-000000000002',
    'store',
    'approved',
    'Set de microfonos para bateria CAD',
    'set-microfonos-bateria-cad-andes-sonido',
    'Kit de microfonos para capturar bateria en vivo o ensayo.',
    'microphones',
    'CAD',
    'Stage7',
    'Nuevo',
    1450,
    'Huancayo',
    'Junin',
    'Andes Sonido',
    '51965432109'
  ),
  (
    '30000000-0000-0000-0000-000000000008',
    '10000000-0000-0000-0000-000000000002',
    'store',
    'pending',
    'Platillo Sabian SBR Crash 16',
    'platillo-sabian-sbr-crash-16-andes-sonido',
    'Crash de 16 pulgadas para bateristas que empiezan.',
    'cymbals',
    'Sabian',
    'SBR Crash 16',
    'Nuevo',
    410,
    'Huancayo',
    'Junin',
    'Andes Sonido',
    '51965432109'
  ),
  (
    '30000000-0000-0000-0000-000000000009',
    '10000000-0000-0000-0000-000000000003',
    'store',
    'pending',
    'Bateria Mapex Tornado',
    'bateria-mapex-tornado-ritmo-sur-music',
    'Bateria completa para practica y primeras presentaciones.',
    'drums',
    'Mapex',
    'Tornado',
    'Nuevo',
    2100,
    'Arequipa',
    'Arequipa',
    'Ritmo Sur Music',
    '51981234567'
  ),
  (
    '30000000-0000-0000-0000-000000000010',
    '10000000-0000-0000-0000-000000000003',
    'store',
    'pending',
    'Amplificador Hartke HD25 para bajo',
    'amplificador-hartke-hd25-bajo-ritmo-sur-music',
    'Amplificador compacto para bajo con parlante HyDrive.',
    'amplifiers',
    'Hartke',
    'HD25',
    'Nuevo',
    760,
    'Arequipa',
    'Arequipa',
    'Ritmo Sur Music',
    '51981234567'
  ),
  (
    '30000000-0000-0000-0000-000000000011',
    '10000000-0000-0000-0000-000000000003',
    'store',
    'approved',
    'Pedal Joyo Vintage Overdrive',
    'pedal-joyo-vintage-overdrive-ritmo-sur-music',
    'Overdrive economico para guitarra electrica.',
    'pedals',
    'Joyo',
    'Vintage Overdrive',
    'Nuevo',
    180,
    'Arequipa',
    'Arequipa',
    'Ritmo Sur Music',
    '51981234567'
  ),
  (
    '30000000-0000-0000-0000-000000000012',
    '10000000-0000-0000-0000-000000000003',
    'store',
    'approved',
    'Guitarra electrica Cort X100',
    'guitarra-electrica-cort-x100-ritmo-sur-music',
    'Guitarra electrica moderna para rock y metal.',
    'guitars',
    'Cort',
    'X100',
    'Nuevo',
    1180,
    'Arequipa',
    'Arequipa',
    'Ritmo Sur Music',
    '51981234567'
  );

insert into public.listing_photos (
  id,
  listing_id,
  image_url,
  alt_text,
  sort_order
) values
  ('40000000-0000-0000-0000-000000000001', '20000000-0000-0000-0000-000000000001', 'https://placehold.co/900x700?text=Squier+Stratocaster', 'Foto de guitarra electrica Squier Stratocaster usada', 0),
  ('40000000-0000-0000-0000-000000000002', '20000000-0000-0000-0000-000000000002', 'https://placehold.co/900x700?text=Yamaha+TRBX174', 'Foto de bajo Yamaha TRBX174 usado', 0),
  ('40000000-0000-0000-0000-000000000003', '20000000-0000-0000-0000-000000000003', 'https://placehold.co/900x700?text=Boss+DS-1', 'Foto de pedal Boss DS-1 usado', 0),
  ('40000000-0000-0000-0000-000000000004', '20000000-0000-0000-0000-000000000004', 'https://placehold.co/900x700?text=Shure+SM58', 'Foto de microfono Shure SM58 usado', 0),
  ('40000000-0000-0000-0000-000000000005', '20000000-0000-0000-0000-000000000005', 'https://placehold.co/900x700?text=Fender+Frontman', 'Foto de amplificador Fender Frontman usado', 0),
  ('40000000-0000-0000-0000-000000000006', '20000000-0000-0000-0000-000000000006', 'https://placehold.co/900x700?text=Scarlett+Solo', 'Foto de interfaz Focusrite Scarlett Solo usada', 0),
  ('40000000-0000-0000-0000-000000000007', '20000000-0000-0000-0000-000000000007', 'https://placehold.co/900x700?text=Meinl+HCS', 'Foto de set de platillos Meinl HCS usado', 0),
  ('40000000-0000-0000-0000-000000000008', '20000000-0000-0000-0000-000000000008', 'https://placehold.co/900x700?text=Pearl+Export', 'Foto de bateria Pearl Export usada', 0),
  ('40000000-0000-0000-0000-000000000009', '30000000-0000-0000-0000-000000000001', 'https://placehold.co/900x700?text=Yamaha+F310', 'Foto de guitarra acustica Yamaha F310', 0),
  ('40000000-0000-0000-0000-000000000010', '30000000-0000-0000-0000-000000000002', 'https://placehold.co/900x700?text=NUX+Morning+Star', 'Foto de pedal NUX Morning Star', 0),
  ('40000000-0000-0000-0000-000000000011', '30000000-0000-0000-0000-000000000003', 'https://placehold.co/900x700?text=Orange+Crush+20', 'Foto de amplificador Orange Crush 20', 0),
  ('40000000-0000-0000-0000-000000000012', '30000000-0000-0000-0000-000000000004', 'https://placehold.co/900x700?text=AT2020', 'Foto de microfono Audio-Technica AT2020', 0),
  ('40000000-0000-0000-0000-000000000013', '30000000-0000-0000-0000-000000000005', 'https://placehold.co/900x700?text=UMC202HD', 'Foto de interfaz Behringer UMC202HD', 0),
  ('40000000-0000-0000-0000-000000000014', '30000000-0000-0000-0000-000000000006', 'https://placehold.co/900x700?text=Ibanez+GSR200', 'Foto de bajo Ibanez GSR200', 0),
  ('40000000-0000-0000-0000-000000000015', '30000000-0000-0000-0000-000000000007', 'https://placehold.co/900x700?text=CAD+Stage7', 'Foto de set de microfonos para bateria CAD', 0),
  ('40000000-0000-0000-0000-000000000016', '30000000-0000-0000-0000-000000000008', 'https://placehold.co/900x700?text=Sabian+SBR', 'Foto de platillo Sabian SBR Crash 16', 0),
  ('40000000-0000-0000-0000-000000000017', '30000000-0000-0000-0000-000000000009', 'https://placehold.co/900x700?text=Mapex+Tornado', 'Foto de bateria Mapex Tornado', 0),
  ('40000000-0000-0000-0000-000000000018', '30000000-0000-0000-0000-000000000010', 'https://placehold.co/900x700?text=Hartke+HD25', 'Foto de amplificador Hartke HD25 para bajo', 0),
  ('40000000-0000-0000-0000-000000000019', '30000000-0000-0000-0000-000000000011', 'https://placehold.co/900x700?text=Joyo+Overdrive', 'Foto de pedal Joyo Vintage Overdrive', 0),
  ('40000000-0000-0000-0000-000000000020', '30000000-0000-0000-0000-000000000012', 'https://placehold.co/900x700?text=Cort+X100', 'Foto de guitarra electrica Cort X100', 0);
